{
      "huy": {
            "similary": 0.6562665700912476
      },
      "long": {
            "similary": 0.46147722005844116
      },
      "nhan": {
            "similary": 0.5963015556335449
      }
}