{
      "huy": {
            "similary": 0.702109694480896
      },
      "long": {
            "similary": 0.47910988330841064
      },
      "nhan": {
            "similary": 0.557097315788269
      }
}