{
      "huy": {
            "similary": 0.7144618034362793
      },
      "long": {
            "similary": 0.6134092807769775
      },
      "nhan": {
            "similary": 0.7137269377708435
      }
}