{
      "huy": {
            "similary": 0.8867200613021851
      },
      "long": {
            "similary": 0.7702108025550842
      },
      "nhan": {
            "similary": 1
      }
}